,Concurso,Data Sorteio,Coluna1,Coluna2,Coluna3,Coluna4,Coluna5,Coluna6,Coluna7,Valor Arrecadado,Ganhadores_7_Números,Cidade,Ganhadores_6_Números,Ganhadores_5_Números,Ganhadores_4_Números,Ganhadores_3_Números,Valor_Rateio_7_Números,Valor_Rateio_6_Números,Valor_Rateio_5_Números,Valor_Rateio_4_Números,Valor_Rateio_3_Números,Valor_Acumulado,Estimativa_Premio
,1,02/10/2020,002,009,009,008,007,007,006,493414500,0,(),12,272,4330,41129,000,1691644,106616,6697,500,74433469,110000000
,2,05/10/2020,008,008,001,005,006,007,007,219863000,0,(),4,157,2308,21215,000,2223457,80926,5504,500,107045792,140000000
,3,07/10/2020,007,002,006,006,005,004,004,242707000,1,([SALVADOR][BA]),5,227,2642,23324,143063883,1964581,61818,5311,500,000,30000000
,4,09/10/2020,005,007,008,001,008,002,005,221739750,0,(),2,139,2031,18493,000,4561079,93752,6416,500,33448524,70000000
,5,14/10/2020,006,004,000,001,000,006,009,273087500,0,(),7,132,2288,22005,000,1610714,122023,7039,500,74791595,120000000
,6,16/10/2020,005,007,003,003,004,001,001,225442750,0,(),6,181,2303,20941,000,1527032,72314,5683,500,108386913,150000000
,7,19/10/2020,000,007,007,006,004,004,009,210659500,0,(),10,164,2254,21719,000,844844,73592,5354,500,139365545,175000000
,8,21/10/2020,007,000,009,002,000,002,005,218581000,0,(),2,99,1661,16179,000,4549932,131311,7826,500,172732294,210000000
,9,23/10/2020,008,006,002,000,002,006,007,237195500,0,(),5,132,2151,19665,000,1952827,105672,6484,500,208535334,250000000
,10,26/10/2020,008,009,009,002,009,006,005,222774250,0,(),1,88,1722,18476,000,9170137,148865,7607,500,242159882,280000000
,11,28/10/2020,006,000,007,005,006,000,009,219666750,0,(),3,102,2036,19284,000,2995424,125858,6305,500,275109940,320000000
,12,30/10/2020,003,000,003,002,008,009,000,234721750,0,(),1,159,2167,20672,000,9598667,86241,6327,500,310306339,360000000
,13,04/11/2020,003,009,009,007,004,006,000,300665250,0,(),8,222,2987,28292,000,1525025,78508,5834,500,355042355,400000000
,14,06/11/2020,007,004,000,009,004,007,004,248401750,0,(),4,120,2096,20458,000,2558146,121816,6974,500,392562189,440000000
,15,09/11/2020,003,006,008,001,007,009,009,252824750,0,(),7,237,2938,24803,000,1457970,61517,4962,500,429984501,480000000
,16,11/11/2020,005,007,002,006,009,004,004,259712750,0,(),11,183,2724,24580,000,957366,82209,5522,500,468599992,510000000
,17,13/11/2020,003,008,002,003,005,008,006,281234500,0,(),4,211,2883,26444,000,2853196,77270,5655,500,510447285,550000000
,18,16/11/2020,003,008,002,004,008,006,008,252021000,0,(),7,228,2762,25160,000,1450067,63599,5250,500,547665844,600000000
,19,18/11/2020,000,000,000,001,004,003,003,247624750,1,([MINACU][GO]),4,172,2326,21812,584795350,2531532,84104,6219,500,000,35000000
,20,20/11/2020,004,009,003,009,008,001,003,133967500,0,(),0,60,989,10053,000,000,132621,8045,500,25994253,50000000
,21,23/11/2020,007,008,007,009,009,008,008,131716250,0,(),4,100,1316,11435,000,1348765,77072,5856,500,45776654,80000000
,22,25/11/2020,008,002,001,001,008,009,004,139940750,0,(),2,73,1148,11825,000,2874471,112503,7153,500,66856930,90000000
,23,27/11/2020,000,007,005,005,004,007,000,145273750,0,(),1,89,1559,15123,000,5818540,93395,5331,500,88192431,120000000
,24,30/11/2020,006,009,005,009,002,001,005,146351750,0,(),2,67,1164,11642,000,3025181,129005,7425,500,110377584,150000000
,25,02/12/2020,008,004,008,009,005,000,008,150041500,0,(),2,63,1221,12022,000,3099180,140552,7252,500,133104991,160000000
,26,04/12/2020,009,005,002,001,005,009,000,156154750,0,(),2,82,1387,13751,000,3192923,111251,6577,500,156520038,180000000
,27,07/12/2020,007,009,008,006,001,001,006,147454250,0,(),2,77,1178,11495,000,3054131,113325,7407,500,178917490,200000000
,28,09/12/2020,003,003,004,006,009,006,003,147208250,0,(),4,86,1587,14420,000,1485876,98729,5350,500,200710531,230000000
,29,11/12/2020,005,000,007,002,009,009,000,159820500,1,([SANTA BARBARA D'OESTE][SP]),8,108,1801,14862,224523782,811797,85904,5151,500,000,25000000
,30,14/12/2020,002,001,001,006,008,006,007,110799750,0,(),5,85,1164,11089,000,892231,74977,5475,500,16357720,40000000
,31,16/12/2020,004,001,005,005,003,005,006,105722500,0,(),4,68,1033,10164,000,1069654,89886,5917,500,32046043,50000000
,32,18/12/2020,006,002,009,000,009,007,008,104348250,1,([BAMBUI][MG]),0,60,938,8975,47733924,000,101868,6516,500,4278484,20000000
,33,21/12/2020,001,008,003,006,002,002,002,94667750,0,(),2,71,1046,9189,000,1913308,76994,5226,500,18309567,40000000
,34,23/12/2020,004,001,000,005,002,003,006,97029500,0,(),3,68,1056,8363,000,1325828,83560,5380,500,32894285,45000000
,35,26/12/2020,004,004,007,006,000,004,002,73013750,0,(),2,41,623,6230,000,1498164,104401,6870,500,43881164,50000000
,36,28/12/2020,009,005,001,006,000,008,001,68839750,0,(),4,33,556,5433,000,712045,123297,7318,500,54324529,70000000
,37,30/12/2020,000,007,008,003,006,002,004,90435000,0,(),3,46,794,7820,000,1235275,115087,6667,500,67912886,80000000
,38,04/01/2021,009,002,002,006,002,005,005,100425000,0,(),0,53,890,9075,000,000,110368,6572,500,87021593,100000000
,39,06/01/2021,009,001,002,007,006,008,005,104667000,0,(),2,48,965,9559,000,2131167,126855,6309,500,102650754,120000000
,40,08/01/2021,001,001,009,000,004,004,004,106898250,1,([DIADEMA][SP]),10,96,1116,9610,118642447,436121,64899,5582,500,000,20000000
,41,11/01/2021,003,003,007,005,000,002,001,83649500,1,([EUNAPOLIS][BA]),3,55,883,7721,12474777,1134054,88367,5504,500,000,20000000
,42,13/01/2021,005,008,004,003,005,001,007,81398000,0,(),1,59,713,7305,000,3321521,80424,6655,500,12178932,25000000
,43,15/01/2021,008,001,004,004,006,004,007,85631500,0,(),2,51,879,7795,000,1744247,97716,5669,500,24970470,35000000
,44,18/01/2021,003,005,009,008,002,005,003,84831500,1,([IJUI][RS]),4,54,823,7296,37724552,869570,92017,6037,500,000,15000000
,45,20/01/2021,001,007,001,007,009,004,007,70043750,0,(),2,58,834,7794,000,1389516,68449,4760,500,10189928,30000000
,46,22/01/2021,009,003,007,003,006,005,002,79179250,0,(),1,47,856,7181,000,3227039,98086,5385,500,22022761,35000000
,47,25/01/2021,007,009,008,000,000,008,001,75132750,0,(),1,44,591,5743,000,3118348,101245,7537,500,33456993,45000000
,48,27/01/2021,004,000,003,000,007,009,001,78296250,0,(),2,42,676,6531,000,1610486,109556,6806,500,45267623,50000000
,49,29/01/2021,004,000,003,008,008,000,004,78908000,0,(),1,42,579,6116,000,3270605,111245,8069,500,57260082,70000000
,50,01/02/2021,000,004,005,008,006,000,006,86558750,0,(),1,31,786,7502,000,3546083,163413,6445,500,70262451,80000000
,51,03/02/2021,005,004,001,003,004,002,008,84478500,0,(),2,55,743,7605,000,1722994,89506,6625,500,82898072,95000000
,52,05/02/2021,005,001,003,009,008,000,000,93019750,0,(),2,52,916,8191,000,1902000,104505,5932,500,96846485,110000000
,53,08/02/2021,009,001,002,009,007,004,009,99898500,0,(),3,49,986,9542,000,1348725,117964,5862,500,111682694,125000000
,54,10/02/2021,002,000,002,001,003,008,002,101299750,0,(),0,83,1120,9763,000,000,70539,5227,500,130808769,150000000
,55,12/02/2021,005,002,003,009,003,008,004,102443500,0,(),2,55,949,9107,000,2092427,108697,6299,500,146153685,160000000
,56,17/02/2021,006,008,007,005,001,007,003,110392500,0,(),3,73,1081,10061,000,1498863,87995,5942,500,162641496,180000000
,57,19/02/2021,001,009,005,005,009,004,009,97281000,0,(),1,68,1164,10701,000,3866185,81222,4744,500,176818302,190000000
,58,22/02/2021,004,000,003,009,005,002,003,100202500,0,(),0,78,998,8503,000,000,75358,5889,500,196020097,210000000
,59,24/02/2021,002,008,009,002,003,004,009,95979500,0,(),4,59,890,8619,000,979062,94824,6286,500,210379769,225000000
,60,26/02/2021,001,002,001,006,006,009,005,97900250,0,(),1,86,1151,10278,000,3916580,65059,4861,500,224740661,240000000
,61,01/03/2021,008,007,005,002,003,003,009,100996000,0,(),2,63,1057,9523,000,2048564,92905,5537,500,239763784,255000000
,62,03/03/2021,003,003,003,000,004,007,008,105701750,0,(),4,79,1428,10681,000,1062632,76863,4252,500,255349281,270000000
,63,05/03/2021,002,006,008,007,001,005,004,120526500,0,(),6,70,1262,11038,000,817761,100134,5554,500,273340211,285000000
,64,08/03/2021,006,001,003,005,001,009,004,108680250,0,(),1,64,1083,9785,000,4433141,98954,5847,500,289595592,300000000
,65,10/03/2021,009,003,003,007,002,003,006,107896500,0,(),6,88,1182,9801,000,732771,71373,5313,500,305717258,320000000
,66,12/03/2021,008,006,008,009,009,005,000,112338000,0,(),1,56,1055,9154,000,4632760,118182,6273,500,322704220,340000000
,67,15/03/2021,003,003,007,001,003,002,001,110522250,0,(),6,125,1144,11074,000,741552,50849,5556,500,339018456,350000000
,68,17/03/2021,004,002,006,005,008,004,005,103582250,0,(),4,63,985,9084,000,1059474,96097,6146,500,354557653,370000000
,69,19/03/2021,000,001,000,005,005,003,006,118165000,0,(),2,117,1292,11980,000,2374813,57992,5251,500,371973648,390000000
,70,22/03/2021,008,005,001,008,004,006,004,121699250,0,(),1,74,1052,10338,000,4996701,96461,6785,500,390295131,400000000
,71,24/03/2021,001,002,004,006,007,001,006,127391000,0,(),3,119,1428,12731,000,1710047,61586,5132,500,409105878,420000000
,72,26/03/2021,001,004,001,005,008,002,005,129498750,0,(),3,109,1488,13398,000,1730355,68034,4983,500,428140623,440000000
,73,29/03/2021,004,006,002,002,005,007,000,120639500,0,(),5,94,1230,11153,000,981135,74554,5697,500,446128686,450000000
,74,31/03/2021,004,002,002,004,008,008,004,124902500,0,(),4,98,1206,11755,000,1267028,73879,6003,500,464712157,480000000
,75,05/04/2021,003,008,006,009,002,008,008,170719500,0,(),2,91,1680,14941,000,3493161,109675,5940,500,490329580,510000000
,76,07/04/2021,001,002,003,007,001,009,007,160474750,0,(),3,151,2890,18065,000,2118666,60132,3141,500,513636701,530000000
,77,09/04/2021,004,009,005,008,004,004,007,169167750,0,(),2,96,1631,15214,000,3450679,102698,6044,500,538942656,560000000
,78,12/04/2021,009,002,003,006,007,007,004,160554750,0,(),3,93,1802,16259,000,2151485,99146,5116,500,562610165,580000000
,79,14/04/2021,006,002,003,003,002,009,000,157953500,0,(),5,103,1853,15152,000,1278834,88684,4929,500,586056265,600000000
,80,16/04/2021,009,006,009,004,005,009,000,173458750,0,(),3,88,1558,14854,000,2371858,115512,6524,500,612147236,630000000
,81,19/04/2021,002,009,005,007,005,005,009,172633250,0,(),4,118,1925,17796,000,1730886,83820,5138,500,637533665,660000000
,82,23/04/2021,005,009,003,003,006,006,007,299903000,0,(),4,219,3166,30359,000,3014247,78649,5440,500,681743576,700000000
,83,26/04/2021,004,009,005,000,004,008,007,220574000,0,(),4,247,2084,19199,000,2258007,52238,6191,500,714861698,740000000
,84,28/04/2021,003,008,006,003,001,005,002,216148750,0,(),7,174,2181,19536,000,1258988,72355,5772,500,747176575,770000000
,85,30/04/2021,006,002,004,008,005,000,007,212016000,1,([CAUCAIA][CE]),5,134,2226,20323,778650283,1716697,91508,5508,500,000,15000000
,86,03/05/2021,001,002,002,006,006,009,005,69273500,0,(),30,85,976,7876,000,130460,46044,4010,500,10045534,20000000
,87,05/05/2021,001,000,009,008,001,002,005,73200000,0,(),0,30,679,6208,000,000,143141,6324,500,24073516,40000000
,88,07/05/2021,001,000,008,009,004,009,006,76650500,0,(),4,33,709,6717,000,784074,135770,6319,500,35573459,50000000
,89,10/05/2021,002,006,006,002,001,004,003,75918000,0,(),1,48,776,6963,000,3090040,91965,5688,500,46903941,60000000
,90,12/05/2021,004,000,001,001,002,007,004,72823500,0,(),1,53,714,6677,000,2964202,79897,5930,500,57773088,70000000
,91,14/05/2021,000,004,009,005,001,007,009,76088000,0,(),4,70,826,7665,000,765231,62467,5293,500,68997025,80000000
,92,17/05/2021,003,002,006,007,004,001,005,77804500,0,(),3,69,952,7369,000,1051531,65312,4733,500,80564417,90000000
,93,19/05/2021,009,004,006,000,003,007,008,73304500,0,(),2,46,672,6170,000,1506356,93562,6404,500,91611317,110000000
,94,21/05/2021,001,009,007,006,000,001,000,78366750,0,(),0,60,908,7702,000,000,75302,4975,500,106371213,120000000
,95,24/05/2021,001,006,006,002,005,001,007,80274000,0,(),1,77,916,8814,000,3191137,59204,4976,500,118072615,130000000
,96,26/05/2021,008,001,005,008,008,006,008,74355000,0,(),1,37,759,6023,000,3068246,118465,5774,500,129323374,150000000
,97,28/05/2021,008,002,005,000,005,000,002,77606750,0,(),5,77,727,6209,000,641298,59489,6300,500,141080975,160000000
,98,31/05/2021,004,001,007,007,004,003,003,81482000,0,(),0,59,757,7166,000,000,80693,6289,500,156633426,170000000
,99,02/06/2021,008,005,002,002,005,004,002,90844000,0,(),1,56,884,8383,000,3694885,94257,5971,500,170181375,190000000
,100,04/06/2021,007,005,008,003,008,004,000,80821750,0,(),1,54,801,6549,000,3334982,88227,5947,500,182410140,200000000
,101,07/06/2021,008,005,001,004,007,003,007,96748000,0,(),1,59,909,8930,000,3934902,95276,6184,500,196838141,220000000
,102,09/06/2021,008,007,001,009,009,004,001,89535000,0,(),0,71,954,7914,000,000,73640,5480,500,213918184,230000000
,103,11/06/2021,007,002,002,005,009,005,008,92097500,0,(),1,70,943,9005,000,3719285,75903,5634,500,227555885,240000000
,104,14/06/2021,008,001,000,008,001,009,002,93411250,0,(),4,70,969,8130,000,956256,78061,5639,500,241581084,260000000
,105,16/06/2021,001,003,006,008,003,006,007,99782250,0,(),5,65,1147,10953,000,793362,87182,4940,500,256126545,270000000
,106,18/06/2021,004,000,001,009,006,007,009,104475500,0,(),1,58,1062,9844,000,4238654,104400,5701,500,271668819,290000000
,107,21/06/2021,003,009,008,008,005,005,004,110888500,0,(),2,58,1045,9751,000,2267720,111710,6200,500,288298919,310000000
,108,23/06/2021,000,005,005,006,009,009,006,106964000,0,(),3,53,1002,9750,000,1452286,117435,6211,500,304274554,320000000
,109,25/06/2021,000,001,008,001,006,004,000,102132500,1,([GOIANIA][GO]),10,89,986,9129,319562979,416955,66926,6041,500,000,15000000
,110,28/06/2021,007,000,004,001,003,009,004,60367000,0,(),1,44,549,5017,000,2484363,80661,6464,500,9109580,20000000
,111,30/06/2021,002,001,000,006,009,004,000,57142000,0,(),2,64,755,6077,000,1140959,50935,4317,500,17477030,30000000
,112,02/07/2021,004,003,000,002,003,000,009,62885500,0,(),4,38,566,5660,000,641310,96437,6474,500,26883172,40000000
,113,05/07/2021,007,005,008,003,007,002,008,65731000,0,(),0,52,693,5956,000,000,73604,5523,500,39386251,70000000
,114,07/07/2021,001,002,007,000,009,003,009,67913500,0,(),0,47,732,7067,000,000,82681,5308,500,52081128,75000000
,115,09/07/2021,006,000,009,001,002,005,007,66372000,0,(),2,42,628,5922,000,1355091,92183,6165,500,62018516,80000000
,116,12/07/2021,005,000,000,003,003,003,006,70799750,0,(),2,37,637,6163,000,1449535,111933,6501,500,72648719,85000000
,117,14/07/2021,002,001,007,007,001,008,002,68761750,0,(),1,39,655,6511,000,2788035,102125,6080,500,82871894,100000000
,118,16/07/2021,002,005,002,006,005,003,001,73515750,0,(),0,53,774,7133,000,000,80101,5484,500,96740720,110000000
,119,19/07/2021,003,003,008,002,008,000,003,79903500,0,(),1,35,690,7025,000,3268195,133395,6766,500,108724336,120000000
,120,21/07/2021,006,006,005,006,000,004,004,77038000,0,(),0,42,708,6603,000,000,107480,6375,500,123471106,140000000
,121,23/07/2021,007,004,005,007,008,007,002,80103000,0,(),0,53,791,7526,000,000,87627,5871,500,138642526,150000000
,122,26/07/2021,003,005,008,008,004,003,000,84064750,0,(),0,54,893,7720,000,000,90505,5472,500,154608338,170000000
,123,28/07/2021,004,008,003,006,009,000,003,80739750,0,(),2,44,668,7032,000,1652946,107334,7069,500,166730372,180000000
,124,30/07/2021,000,008,002,009,009,006,000,87792250,0,(),3,65,881,7901,000,1193761,78709,5807,500,179861862,200000000
,125,02/08/2021,002,001,007,003,005,002,005,94302250,0,(),3,67,1086,9189,000,1269994,81236,5011,500,193832420,210000000
,126,04/08/2021,007,009,005,002,008,001,004,87144000,0,(),4,57,808,7565,000,892353,89459,6310,500,206920754,220000000
,127,06/08/2021,003,006,009,002,007,008,007,88643750,0,(),1,55,925,8387,000,3594524,93364,5551,500,220100940,240000000
,128,09/08/2021,005,005,004,007,008,004,005,88671500,0,(),2,54,928,7883,000,1811124,95826,5576,500,233382617,260000000
,129,11/08/2021,004,006,001,004,001,001,007,89380000,0,(),0,46,874,8246,000,000,112901,5942,500,250348150,270000000
,130,13/08/2021,009,000,006,000,006,007,002,91234250,0,(),3,55,817,7165,000,1258864,98093,6603,500,264196005,280000000
,131,16/08/2021,000,002,000,002,009,008,000,97341250,0,(),2,91,1080,10017,000,1952419,61300,5165,500,278513870,290000000
,132,18/08/2021,009,002,007,001,000,005,001,89352000,1,([BERNARDO SAYAO][TO]),4,67,838,8098,291867964,910483,77653,6208,500,000,15000000
,133,20/08/2021,001,002,004,004,000,007,002,54832000,0,(),0,37,685,5915,000,000,84373,4557,500,10198179,20000000
,134,23/08/2021,005,003,005,005,008,007,007,54994750,0,(),1,46,646,5888,000,2194104,68139,4852,500,18243282,30000000
,135,25/08/2021,001,002,002,000,006,007,001,52707000,0,(),1,45,699,5677,000,2101048,66699,4293,500,25947640,40000000
,136,27/08/2021,004,005,005,008,002,004,008,54243750,0,(),2,46,544,4832,000,1107680,68799,5817,500,34070905,50000000
,137,30/08/2021,000,006,003,006,007,001,001,77908750,0,(),0,37,753,7013,000,000,122703,6029,500,48901872,60000000
,138,01/09/2021,007,007,000,006,006,000,007,74864000,0,(),0,46,635,6530,000,000,95180,6894,500,63204673,80000000
,139,03/09/2021,001,006,007,004,002,004,007,79749500,0,(),4,55,943,8532,000,795517,82651,4820,500,74872648,90000000
,140,06/09/2021,001,001,009,009,007,008,009,85647750,0,(),0,70,1060,8798,000,000,70134,4631,500,90910389,100000000
,141,08/09/2021,007,002,004,007,003,001,002,61282750,0,(),2,40,533,5559,000,1248795,89199,6694,500,100068297,110000000
,142,10/09/2021,003,001,009,009,008,008,003,78154250,0,(),0,43,771,6686,000,000,106523,5941,500,115031404,130000000
,143,13/09/2021,002,002,005,007,008,001,001,73421750,0,(),2,44,871,7361,000,1477761,95958,4847,500,125868640,140000000
,144,15/09/2021,000,001,000,000,009,009,007,74658000,0,(),3,60,958,8016,000,992469,70890,4439,500,136786431,150000000
,145,17/09/2021,005,007,001,009,002,004,008,81337000,0,(),5,79,847,7137,000,665513,60172,5612,500,148987765,160000000
,146,20/09/2021,000,000,005,005,000,007,004,93689000,0,(),2,56,934,8831,000,1900431,96960,5813,500,162924609,180000000
,147,22/09/2021,007,005,009,004,001,000,002,98198750,0,(),4,59,855,7998,000,1012466,98059,6766,500,177774568,190000000
,148,24/09/2021,002,005,004,000,000,006,009,92542750,0,(),3,70,961,8788,000,1250315,76549,5575,500,191528718,200000000
,149,27/09/2021,004,000,005,002,000,008,003,93497500,0,(),0,61,894,8206,000,000,89577,6112,500,209378606,220000000
,150,29/09/2021,002,005,006,006,001,006,005,97050500,0,(),0,83,948,8866,000,000,68021,5955,500,227821722,250000000
,151,01/10/2021,003,004,005,005,000,002,003,101334500,0,(),2,60,1133,9743,000,2050493,97642,5170,500,242859349,260000000
,152,04/10/2021,005,009,002,006,001,005,003,107951250,0,(),4,74,1004,9273,000,1106710,85460,6298,500,259091707,270000000
,153,06/10/2021,004,000,002,001,008,007,003,109318000,0,(),7,89,1304,10668,000,630831,70879,4837,500,275283667,290000000
,154,08/10/2021,004,005,002,001,000,007,007,122040000,1,([CRUZ ALTA][RS]),12,122,1634,11775,293385333,411397,57807,4316,500,000,20000000
,155,11/10/2021,000,003,006,002,008,002,002,68911000,0,(),2,60,695,6105,000,1408072,67051,5788,500,10326146,25000000
,156,13/10/2021,007,000,006,004,007,001,004,48711000,0,(),1,29,442,3959,000,2009355,98983,6494,500,17693895,30000000
,157,15/10/2021,000,004,008,009,009,003,008,61564250,1,([RIO DO FOGO][RN]),2,23,521,5139,26979902,1266227,157295,6943,500,000,10000000
,158,18/10/2021,005,007,008,007,001,006,008,52102750,0,(),1,23,449,4513,000,2134655,132587,6791,500,7827314,20000000
,159,20/10/2021,008,003,000,004,006,000,004,53726000,0,(),3,31,463,4521,000,736041,101756,6813,500,15923799,25000000
,160,22/10/2021,005,008,002,009,009,007,002,57387500,0,(),3,24,524,4915,000,784700,140124,6417,500,24555849,30000000
,161,25/10/2021,005,004,000,006,000,007,005,58311500,0,(),2,40,596,5239,000,1189573,84969,5702,500,33279671,40000000
,162,27/10/2021,008,003,002,000,003,003,008,53642750,0,(),2,25,500,4589,000,1100381,125757,6287,500,52330638,50000000
,163,29/10/2021,000,008,003,004,009,009,007,58864500,0,(),0,33,732,6215,000,000,101864,4592,500,52330638,60000000
,164,01/11/2021,002,009,005,002,001,002,000,69759000,0,(),1,36,688,6705,000,2823243,112033,5862,500,62682644,70000000
,165,03/11/2021,003,006,004,003,004,004,003,50313750,0,(),1,30,524,4709,000,2042934,97282,5569,500,70173636,80000000
,166,05/11/2021,007,009,009,007,002,002,009,65196250,0,(),0,42,583,5677,000,000,90800,6541,500,82631586,90000000
,167,08/11/2021,002,009,001,003,005,000,009,67861250,0,(),1,48,759,6755,000,2734237,81376,5146,500,92657292,100000000
,168,10/11/2021,002,003,007,009,009,001,008,67672250,0,(),5,57,740,6570,000,547069,68555,5280,500,102687207,110000000
,169,12/11/2021,003,005,003,006,005,001,008,69585500,0,(),0,59,735,6723,000,000,68145,5470,500,115821173,120000000
,170,17/11/2021,007,005,005,009,002,000,002,84395750,0,(),3,60,750,7168,000,1155054,82503,6600,500,128526975,140000000
,171,19/11/2021,009,003,003,009,007,005,004,71730250,0,(),1,61,753,6383,000,2929874,68615,5558,500,139270113,150000000
,172,22/11/2021,000,009,002,004,005,001,009,70845750,0,(),4,51,828,7202,000,711654,79737,4911,500,149707915,160000000
,173,24/11/2021,007,002,002,002,000,004,005,65537750,0,(),1,35,623,5850,000,2675990,109224,6136,500,159519958,170000000
,174,26/11/2021,008,008,002,009,009,000,007,68543000,0,(),1,62,753,6018,000,2803961,64607,5319,500,169801481,180000000
,175,29/11/2021,001,008,002,004,008,004,007,68165000,0,(),3,45,806,7674,000,899939,85708,4785,500,179700937,190000000
,176,01/12/2021,005,001,000,002,007,001,001,71120250,0,(),3,42,689,6615,000,963310,98296,5991,500,190297837,200000000
,177,03/12/2021,004,006,009,008,008,003,006,81157500,0,(),0,53,699,6728,000,000,90050,6827,500,205888974,220000000
,178,06/12/2021,009,007,005,005,007,004,008,80099250,0,(),6,59,802,7544,000,541643,78689,5788,500,217805597,230000000
,179,08/12/2021,009,003,002,008,005,003,005,77307500,0,(),1,55,707,6591,000,3172817,82410,6411,500,229439302,240000000
,180,10/12/2021,004,004,009,004,003,004,006,78503500,0,(),0,32,711,6557,000,000,144153,6487,500,244508632,250000000
,181,13/12/2021,003,004,007,004,003,006,009,78716250,0,(),2,61,877,7915,000,1583715,74178,5159,500,256122888,260000000
,182,15/12/2021,003,001,009,004,009,004,002,85876750,0,(),1,56,826,7929,000,3492622,89097,6040,500,268929486,280000000
,183,17/12/2021,006,005,008,000,007,003,009,81686500,0,(),3,44,798,7033,000,1116311,108731,5995,500,281209051,290000000
,184,20/12/2021,007,009,007,002,002,005,003,88677750,0,(),1,70,804,7886,000,3622374,73926,6436,500,294491285,300000000
,185,22/12/2021,002,003,006,007,002,004,006,99189750,0,(),1,75,1126,9657,000,4007877,76340,5084,500,309187529,320000000
,186,24/12/2021,005,002,008,003,008,003,000,96108750,0,(),2,61,876,8485,000,1964584,92017,6407,500,323594913,330000000
,187,27/12/2021,000,008,001,005,005,008,001,91219750,0,(),3,63,909,8694,000,1231887,83801,5808,500,337145732,350000000
,188,29/12/2021,001,000,002,007,006,001,005,109583500,0,(),2,75,1150,10634,000,2214841,84374,5502,500,353388518,360000000
,189,31/12/2021,000,009,008,001,000,002,005,100915500,0,(),1,69,985,8597,000,4142079,85757,6007,500,368576409,380000000
,190,03/01/2022,002,009,008,000,000,007,005,99966000,0,(),3,60,1070,8651,000,1365342,97524,5468,500,383595677,390000000
,191,05/01/2022,006,004,001,009,006,000,009,132768000,0,(),5,93,1357,11561,000,1087263,83507,5723,500,403528881,420000000
,192,07/01/2022,000,009,006,001,009,006,007,145863250,0,(),8,139,1714,14501,000,734753,60411,4899,500,425081900,450000000
,193,10/01/2022,007,002,001,003,002,000,000,142132500,0,(),3,93,1609,13377,000,1922408,88590,5120,500,446228970,470000000
,194,12/01/2022,000,000,003,007,006,003,009,130025000,0,(),7,84,1497,12682,000,750372,89330,5012,500,465489073,480000000
,195,14/01/2022,009,001,008,006,005,008,006,176541250,0,(),1,104,1559,15014,000,7247481,99553,6641,500,492063352,500000000
,196,17/01/2022,007,003,009,003,002,004,004,160591500,0,(),6,83,1506,14752,000,1089207,112482,6199,500,516026210,530000000
,197,19/01/2022,007,001,001,000,008,001,009,166119250,0,(),1,102,1551,14556,000,6797143,95198,6260,500,540949734,560000000
,198,22/01/2022,003,009,007,000,004,000,009,182867000,1,([GOIANIA][GO]),4,104,1701,16103,568370605,1869560,102723,6280,500,000,10000000
,199,24/01/2022,002,007,008,008,000,009,004,67266500,0,(),1,45,730,6003,000,2746646,87195,5375,500,10071057,20000000
,200,26/01/2022,006,008,003,005,009,008,001,53613250,0,(),2,39,485,4622,000,1098843,80501,6473,500,18129351,30000000
,201,28/01/2022,001,006,003,002,003,008,008,54825750,0,(),1,39,647,5526,000,2205416,80784,4869,500,26216135,40000000
,202,31/01/2022,008,003,009,007,005,009,002,58285500,0,(),2,43,584,4975,000,1195911,79462,5850,500,34986512,50000000
,203,02/02/2022,009,000,004,006,002,008,007,55493500,0,(),2,35,570,4891,000,1134574,92618,5687,500,43306764,60000000
,204,04/02/2022,002,006,005,001,002,003,002,61937000,1,([LAGES][SC]),0,33,703,6021,52485168,000,108359,5086,500,2503115,10000000
,205,07/02/2022,005,007,003,009,009,000,000,53755500,0,(),0,40,566,4653,000,000,78661,5559,500,12781688,20000000
,206,09/02/2022,003,009,006,009,003,004,006,50610250,0,(),0,21,423,4386,000,000,141046,7002,500,22457599,30000000
,207,11/02/2022,001,008,004,009,002,002,002,54762500,0,(),4,27,605,5185,000,555110,117483,5243,500,30599251,40000000
,208,14/02/2022,009,008,002,001,001,002,009,56658500,0,(),0,29,545,4972,000,000,114183,6075,500,41416545,50000000
,209,16/02/2022,006,006,003,007,006,003,007,53052500,0,(),1,27,474,4701,000,2168015,114709,6534,500,49365980,60000000
,210,18/02/2022,003,006,002,009,006,007,005,56070000,0,(),0,37,601,5321,000,000,87753,5402,500,59972647,70000000
,211,21/02/2022,004,006,007,007,000,009,004,57210500,0,(),1,35,523,4944,000,2344519,95694,6404,500,68569247,80000000
,212,23/02/2022,003,001,003,005,006,005,007,59588500,0,(),3,63,727,6228,000,795116,54089,4687,500,77315690,90000000
,213,25/02/2022,004,001,004,006,009,002,009,61181250,0,(),1,43,562,5745,000,2483205,82498,6312,500,86420855,100000000
,214,02/03/2022,001,002,005,006,008,006,006,68698500,0,(),1,75,811,7526,000,2731869,52035,4812,500,96437836,110000000
,215,04/03/2022,003,006,007,007,003,005,009,68413000,0,(),2,52,795,6620,000,1383219,76001,4971,500,106581524,120000000
,216,07/03/2022,000,001,003,006,006,003,009,71390500,0,(),4,98,992,7800,000,710004,41399,4089,500,116995583,130000000
,217,09/03/2022,009,008,007,008,003,005,000,68462000,0,(),2,40,657,6218,000,1394887,99634,6066,500,127224799,140000000
,218,11/03/2022,006,001,006,009,009,007,006,69679250,0,(),3,30,651,6188,000,948918,135559,6246,500,137663372,150000000
,219,14/03/2022,003,003,007,008,005,008,006,70012500,0,(),5,37,697,6695,000,567061,109471,5811,500,148059624,160000000
,220,16/03/2022,008,008,004,006,007,003,006,66190000,1,([LINHARES][ES]),1,38,600,5757,157998669,2710561,101900,6453,500,000,10000000
,221,18/03/2022,005,004,007,006,008,000,003,45626500,0,(),0,24,400,3892,000,000,111456,6687,500,8738341,20000000
,222,21/03/2022,000,008,005,002,006,001,004,47903250,0,(),0,47,504,4257,000,000,59481,5546,500,17871077,30000000
,223,23/03/2022,005,001,008,001,000,003,008,44568750,0,(),0,21,392,3578,000,000,125225,6708,500,26461682,40000000
,224,25/03/2022,005,004,004,002,001,005,004,45961250,0,(),1,36,487,4090,000,1877316,74496,5506,500,33345512,50000000
,225,28/03/2022,008,000,000,007,000,004,002,48877250,0,(),2,30,390,3849,000,1011349,96318,7409,500,40762130,60000000
,226,30/03/2022,002,000,004,007,006,000,008,47895750,0,(),0,41,557,4524,000,000,67685,4982,500,49827654,65000000
,227,01/04/2022,005,006,002,007,006,008,007,53554750,1,([BRASILIA][DF]),1,40,504,4879,57826792,2181531,77911,6183,500,000,10000000
,228,04/04/2022,007,002,002,003,008,008,009,46727250,0,(),2,46,528,4710,000,939816,58373,5085,500,6892226,20000000
,229,06/04/2022,008,006,004,004,004,003,009,44772250,0,(),0,31,399,4048,000,000,84119,6535,500,15410957,30000000
,230,08/04/2022,008,006,001,006,002,005,001,48216250,0,(),1,18,388,4123,000,1978226,157002,7283,500,22664614,40000000
,231,13/04/2022,004,004,008,002,008,000,007,74744500,0,(),1,40,669,6587,000,3056366,109155,6526,500,33871551,50000000
,232,18/04/2022,001,000,008,005,004,007,006,61483000,0,(),2,46,619,5959,000,1242853,77195,5736,500,42986125,55000000
,233,20/04/2022,000,002,007,004,004,002,004,54269000,0,(),1,40,497,5214,000,2196454,78444,6313,500,51039975,60000000
,234,22/04/2022,001,008,008,008,009,006,007,46920500,0,(),2,34,580,5107,000,933793,78470,4599,500,57888184,70000000
,235,25/04/2022,009,007,006,002,003,005,006,54754750,0,(),1,35,493,4934,000,2233264,91153,6471,500,66076958,75000000
,236,27/04/2022,007,000,007,002,009,004,003,55318750,0,(),3,25,500,5027,000,751351,128803,6440,500,74341879,85000000
,237,29/04/2022,006,002,007,006,003,002,007,60309500,0,(),1,42,568,5527,000,2454970,83502,6174,500,83343635,90000000
,238,02/05/2022,002,000,009,000,001,002,003,64274000,0,(),0,42,607,5537,000,000,89622,6201,500,95639939,100000000
,239,04/05/2022,003,003,001,005,008,001,002,61489000,0,(),2,34,625,5786,000,1247531,104834,5702,500,104788941,110000000
,240,06/05/2022,002,005,001,009,004,007,007,66049750,0,(),4,57,870,7107,000,658325,65997,4323,500,114445000,120000000
,241,09/05/2022,002,004,009,008,003,006,001,69602750,0,(),1,53,792,6707,000,2816026,75903,5079,500,124770681,130000000
,242,11/05/2022,006,001,006,009,003,004,001,66694500,0,(),4,24,559,5417,000,687844,163772,7031,500,134859204,140000000
,243,13/05/2022,009,009,005,007,000,009,000,66355500,0,(),3,47,690,6123,000,899626,82032,5587,500,144755478,150000000
,244,16/05/2022,006,005,005,005,003,009,007,67900000,0,(),0,37,657,6117,000,000,106930,6021,500,157680239,160000000
,245,18/05/2022,006,007,009,000,002,001,007,61720500,0,(),0,39,545,5226,000,000,92857,6644,500,169510542,180000000
,246,20/05/2022,004,009,000,005,004,009,003,71663500,0,(),1,35,589,5831,000,2955816,120645,7169,500,180348584,190000000
,247,23/05/2022,000,009,009,005,000,005,005,71678750,0,(),0,31,635,6040,000,000,135739,6626,500,194094707,200000000
,248,25/05/2022,009,002,004,006,003,001,004,65920500,0,(),2,48,757,5873,000,1346102,80125,5080,500,203966437,210000000
,249,27/05/2022,008,007,006,007,008,002,004,68876750,0,(),2,29,585,5697,000,1418002,139704,6925,500,214365354,225000000
,250,30/05/2022,000,007,004,001,005,007,008,74156500,0,(),2,46,877,7467,000,1491700,92652,4859,500,225304959,235000000
,251,01/06/2022,007,006,009,009,002,002,000,76007250,0,(),0,40,733,6445,000,000,111474,6083,500,239871149,250000000
,252,03/06/2022,000,004,007,000,007,005,004,91322750,0,(),3,55,838,7857,000,1248097,97254,6383,500,253600252,260000000
,253,06/06/2022,007,000,008,008,003,007,005,83177500,0,(),1,48,699,6933,000,3422049,101846,6993,500,266148165,280000000
,254,08/06/2022,008,003,008,009,004,002,000,79272250,0,(),1,43,727,6940,000,3243925,107771,6374,500,278042768,290000000
,255,10/06/2022,004,007,000,006,001,009,008,79722250,0,(),2,77,961,7735,000,1611335,59789,4790,500,289859705,300000000
,256,13/06/2022,007,007,000,009,004,009,003,77686250,0,(),0,52,732,6739,000,000,87425,6210,500,304710673,320000000
,257,15/06/2022,001,000,006,000,000,005,005,78114000,0,(),1,50,802,7231,000,3175926,90740,5657,500,316355851,330000000
,258,17/06/2022,002,009,007,000,007,007,001,81668250,0,(),2,45,871,7661,000,1657566,105242,5437,500,328511538,340000000
,259,20/06/2022,001,008,001,009,005,000,003,95547250,0,(),2,55,1017,9524,000,1924531,99975,5406,500,342625321,350000000
,260,22/06/2022,006,006,000,009,004,004,002,87696000,0,(),1,44,749,7383,000,3604095,117016,6874,500,355840396,370000000
,261,24/06/2022,002,005,000,001,009,003,003,87153750,0,(),6,87,1371,9979,000,573854,56537,3587,500,368465881,380000000
,262,27/06/2022,002,008,008,007,000,008,003,98991250,0,(),1,52,897,8713,000,4048401,111219,6447,500,383310382,400000000
,263,29/06/2022,006,007,003,000,008,009,008,101615000,0,(),2,60,890,8599,000,2086907,99376,6699,500,398614721,410000000
,264,01/07/2022,003,007,004,008,000,004,001,105201750,0,(),1,57,966,9288,000,4300901,107791,6360,500,414384999,430000000
,265,04/07/2022,009,006,005,000,002,001,006,117440500,0,(),1,103,1120,9940,000,4823748,66903,6152,500,432072696,450000000
,266,06/07/2022,008,007,009,003,006,006,005,105448250,0,(),2,74,1028,8973,000,2164329,83564,6015,500,447944751,460000000
,267,08/07/2022,004,009,009,007,004,000,002,151167750,0,(),2,78,1327,12715,000,3106620,113795,6688,500,470727425,500000000
,268,11/07/2022,006,005,004,005,003,008,006,125354000,0,(),2,74,1222,11295,000,2556407,98702,5977,500,489474544,510000000
,269,13/07/2022,003,007,004,003,007,003,000,107775000,0,(),3,95,1232,10341,000,1454249,65605,5058,500,505472020,520000000
,270,15/07/2022,005,008,005,005,007,005,004,121240000,0,(),0,63,1362,11455,000,000,111500,5157,500,528419214,530000000
,271,18/07/2022,003,004,008,007,001,000,003,145583000,0,(),3,83,1388,12968,000,1981918,102336,6119,500,550220880,560000000
,272,20/07/2022,004,001,008,003,005,005,000,153196250,0,(),3,85,1534,14259,000,2074838,104613,5796,500,573044902,590000000
,273,22/07/2022,000,008,004,009,009,006,005,176196250,0,(),5,152,1957,16270,000,1433168,67348,5230,500,599320913,620000000
,274,25/07/2022,006,001,006,009,008,006,003,197908000,0,(),1,102,1741,16641,000,8134625,113930,6674,500,629148915,650000000
,275,27/07/2022,007,001,002,008,008,006,001,222968750,1,([RIO DE JANEIRO][RJ]),3,139,2277,20703,662377304,3020691,93135,5685,500,000,10000000
,276,29/07/2022,007,000,006,000,003,004,002,53319500,0,(),2,28,434,4256,000,1101765,112425,7253,500,8079681,15000000
,277,01/08/2022,009,006,002,001,006,009,008,55609500,0,(),1,28,492,4827,000,2277788,116213,6613,500,16431854,25000000
,278,03/08/2022,007,007,004,002,009,009,004,51122250,0,(),2,31,549,4490,000,1045616,96370,5441,500,24099964,30000000
,279,05/08/2022,005,002,006,008,001,002,000,51535500,0,(),1,36,492,4484,000,2110357,83744,6127,500,31838167,40000000
,280,08/08/2022,002,006,000,008,002,003,004,52094500,0,(),3,32,526,4882,000,704969,94415,5743,500,39593168,50000000
,281,10/08/2022,002,000,000,006,006,000,003,50069000,1,([SAO PAULO][SP]),2,33,510,4742,47036892,1015031,87881,5686,500,000,10000000
,282,12/08/2022,008,007,004,001,006,006,001,43682750,0,(),1,28,397,3801,000,1788777,91264,6436,500,6559066,15000000
,283,15/08/2022,009,006,000,006,008,002,000,44007000,0,(),1,18,398,3705,000,1808576,143537,6491,500,13190705,20000000
,284,17/08/2022,002,006,009,005,000,009,009,41981750,0,(),0,34,409,3903,000,000,71680,5958,500,21152257,25000000
,285,19/08/2022,006,006,007,002,009,003,004,45291000,0,(),3,33,435,3940,000,618228,80289,6090,500,27953047,35000000
,286,22/08/2022,006,001,005,009,003,004,001,46819750,0,(),6,30,439,4037,000,319863,91389,6245,500,34990119,40000000
,287,24/08/2022,005,005,004,007,000,002,005,43617500,0,(),0,25,400,4111,000,000,101116,6319,500,43248149,50000000
,288,26/08/2022,000,007,007,001,009,009,006,45425250,0,(),0,38,540,4620,000,000,68612,4828,500,51765378,60000000
,289,29/08/2022,007,009,002,001,002,007,001,64648750,0,(),0,37,585,5741,000,000,101978,6449,500,64091595,70000000
,290,31/08/2022,002,005,002,004,000,000,009,56396000,0,(),1,45,662,5481,000,2279252,72357,4918,500,72449113,80000000
,291,02/09/2022,001,009,001,003,001,008,006,64838000,0,(),2,65,835,6620,000,1301857,57224,4454,500,81996436,90000000
,292,05/09/2022,006,008,009,001,005,002,003,67417500,0,(),2,41,666,5937,000,1378492,96062,5913,500,92105724,100000000
,293,09/09/2022,004,005,009,009,005,002,001,71867250,0,(),1,39,673,6233,000,2943985,107838,6249,500,102900425,110000000
,294,12/09/2022,003,007,004,007,006,007,005,66652750,0,(),4,45,765,6744,000,669952,85073,5004,500,112726556,120000000
,295,14/09/2022,005,009,006,000,008,006,003,65546250,0,(),3,33,577,5396,000,900070,116892,6685,500,122627479,130000000
,296,16/09/2022,000,000,005,005,000,009,002,60884250,0,(),2,58,610,5244,000,1247995,61477,5845,500,131779634,140000000
,297,19/09/2022,007,003,007,000,000,006,007,68305750,0,(),1,37,624,6076,000,2790117,107726,6387,500,142010352,150000000
,298,21/09/2022,005,009,001,001,007,009,001,63203750,0,(),3,40,613,5540,000,862009,92358,6026,500,151492723,160000000
,299,23/09/2022,000,008,005,002,000,005,006,62004500,0,(),1,34,591,5507,000,2533172,106435,6123,500,160781128,170000000
,300,26/09/2022,005,001,003,001,003,008,000,65371500,0,(),0,46,622,5971,000,000,82672,6114,500,173204185,180000000
,301,28/09/2022,000,004,002,000,008,009,008,67279000,0,(),0,48,697,6105,000,000,81602,5619,500,185999910,190000000
,302,30/09/2022,004,008,007,006,000,008,004,66675500,0,(),2,39,568,5429,000,1374940,100728,6916,500,196082886,210000000
,303,03/10/2022,002,006,007,008,001,009,005,69664500,0,(),5,61,833,6746,000,563358,65966,4830,500,206411571,220000000
,304,05/10/2022,003,007,009,001,002,006,001,66770250,0,(),0,43,747,6241,000,000,90085,5185,500,219065858,230000000
,305,07/10/2022,005,007,003,004,009,002,000,82774500,0,(),2,61,879,7616,000,1683924,78872,5473,500,231414961,240000000
,306,10/10/2022,002,000,008,004,003,009,008,82308500,0,(),2,45,848,7551,000,1675025,106350,5643,500,243698866,250000000
,307,14/10/2022,009,008,002,004,000,007,002,86822750,0,(),1,41,801,7367,000,3565187,124222,6358,500,256771491,260000000
,308,17/10/2022,003,005,001,007,006,006,003,68850250,0,(),3,56,695,6664,000,928011,71021,5722,500,266979892,275000000
,309,19/10/2022,006,006,003,000,007,009,004,80433500,0,(),0,51,746,7103,000,000,92107,6296,500,282325396,290000000
,310,21/10/2022,006,004,001,007,006,004,002,78649000,0,(),3,67,823,7119,000,1068720,68361,5565,500,294081499,310000000
,311,24/10/2022,007,008,000,009,000,001,005,85241750,0,(),0,44,822,7444,000,000,113285,6063,500,310364880,330000000
,312,26/10/2022,007,003,007,004,000,006,006,76975250,0,(),1,70,721,6745,000,3149608,64277,6240,500,321913760,340000000
,313,28/10/2022,007,000,007,007,005,004,003,77520250,0,(),3,62,926,7004,000,1053606,72829,4876,500,333503660,340000000
,314,31/10/2022,006,008,007,009,003,006,006,95857250,0,(),3,65,913,8461,000,1306326,86131,6132,500,347873293,360000000
,315,04/11/2022,009,007,007,001,003,008,001,110207500,0,(),1,68,1088,10075,000,4487432,94273,5892,500,364327334,370000000
,316,07/11/2022,008,003,000,002,005,001,002,95166500,0,(),3,65,1011,8746,000,1290859,85111,5472,500,378526849,390000000
,317,09/11/2022,007,003,008,005,002,001,007,83899250,0,(),3,58,812,7583,000,1140259,84255,6018,500,391069866,400000000
,318,11/11/2022,006,001,000,003,003,009,009,126123250,0,(),2,96,1286,11998,000,2555460,76055,5677,500,409810414,420000000
,319,14/11/2022,000,004,003,002,002,006,004,123420000,0,(),0,91,1298,11389,000,000,78804,5524,500,433237142,450000000
,320,16/11/2022,002,006,005,001,001,007,009,92605750,0,(),3,84,1269,9931,000,1231268,62819,4158,500,446781394,460000000
,321,18/11/2022,006,008,002,006,006,003,005,106268500,0,(),2,78,941,9286,000,2174781,79662,6603,500,462729968,470000000
,322,21/11/2022,000,002,008,006,002,003,005,118108500,0,(),7,93,1147,10523,000,689078,74094,6007,500,480416857,490000000
,323,23/11/2022,003,004,002,001,009,005,006,97515250,0,(),2,118,1293,10637,000,1940104,46975,4287,500,494644402,500000000
,324,25/11/2022,005,009,001,001,008,007,008,98402000,0,(),2,61,952,8976,000,2003887,93858,6014,500,509339650,515000000
,325,28/11/2022,001,003,006,002,004,009,009,98033250,0,(),2,93,1197,10425,000,1957458,60136,4672,500,523694652,540000000
,326,30/11/2022,003,003,002,005,007,003,007,90700250,0,(),4,67,1019,9284,000,910259,77634,5104,500,537045488,550000000
,327,02/12/2022,003,009,006,007,006,000,008,110561250,0,(),1,73,1041,9735,000,4521384,88481,6204,500,553624431,570000000
,328,05/12/2022,009,001,001,005,003,008,001,111183750,0,(),5,73,1080,9917,000,908033,88848,6005,500,570272115,580000000
,329,07/12/2022,007,006,008,000,008,005,009,110917750,0,(),3,62,1119,9516,000,1516370,104818,5807,500,586952674,600000000
,330,09/12/2022,008,003,001,002,008,009,000,103192750,0,(),2,83,1046,9121,000,2109112,72602,5761,500,602419561,610000000
,331,12/12/2022,001,001,003,006,004,008,003,131873000,0,(),9,106,1444,13192,000,589995,71562,5253,500,621889641,630000000
,332,14/12/2022,001,005,000,003,006,003,002,107143750,0,(),5,98,1214,10550,000,864608,63018,5087,500,637740905,650000000
,333,16/12/2022,000,001,001,007,009,003,009,112533000,0,(),3,96,1382,11697,000,1502709,67085,4660,500,654270771,670000000
,334,19/12/2022,004,005,000,007,000,007,006,121512000,0,(),1,54,964,10216,000,4994582,132131,7401,500,672584659,680000000
,335,21/12/2022,007,003,001,002,005,004,006,142884000,0,(),3,100,1527,13497,000,1931710,82787,5421,500,693834133,710000000
,336,23/12/2022,004,006,004,005,001,004,000,142538750,0,(),1,90,1391,12878,000,5811913,92252,5968,500,715145387,730000000
,337,26/12/2022,009,005,004,007,009,007,001,137892000,0,(),1,89,1307,11844,000,5654689,90765,6180,500,735879884,750000000
,338,28/12/2022,005,004,009,002,009,009,006,127143750,0,(),4,63,1089,10816,000,1304856,118354,6846,500,755018513,770000000
,339,30/12/2022,004,003,000,005,009,009,001,139516250,0,(),8,93,1446,12767,000,710020,87252,5611,500,775846551,800000000
,340,02/01/2023,003,009,006,003,008,003,001,186553250,0,(),6,145,1917,16961,000,1266831,74886,5664,500,803717350,830000000
,341,04/01/2023,002,006,001,001,007,001,000,211000500,0,(),4,160,2270,20932,000,2126321,75940,5352,500,834904360,860000000
,342,06/01/2023,008,000,001,003,007,001,008,168249250,1,([GOIANIA][GO]),10,111,1525,14701,860154848,688649,88629,6451,500,000,10000000
,343,09/01/2023,007,007,000,009,008,006,000,56048750,0,(),1,29,520,4910,000,2293424,112976,6300,500,8409457,20000000
,344,11/01/2023,007,002,004,004,007,004,003,51078000,0,(),0,25,444,4761,000,000,118570,6676,500,18092851,30000000
,345,13/01/2023,001,006,004,004,006,003,007,52750000,0,(),2,41,641,5727,000,1050190,73183,4681,500,25794292,35000000
,346,16/01/2023,003,000,009,005,006,005,003,53417000,0,(),1,25,504,4558,000,2192113,125263,6213,500,33832218,40000000
,347,18/01/2023,009,005,002,006,002,000,000,49224000,0,(),0,27,524,4532,000,000,105958,5459,500,43178074,50000000
,348,20/01/2023,000,000,003,005,008,001,009,49614500,0,(),2,58,608,4849,000,1001878,49353,4708,500,50525233,60000000
,349,23/01/2023,006,000,005,001,003,006,006,52347000,0,(),2,30,500,4722,000,1067400,101657,6099,500,58352984,70000000
,350,25/01/2023,007,003,001,006,005,003,003,48074500,0,(),4,32,544,4831,000,483651,86366,5080,500,65446677,75000000
,351,27/01/2023,009,009,001,004,006,006,005,54884250,0,(),0,40,520,4752,000,000,80311,6177,500,75940966,80000000
,352,30/01/2023,003,009,009,009,001,004,008,59188000,0,(),1,27,517,5130,000,2424765,128294,6700,500,84831814,100000000
,353,01/02/2023,000,001,001,002,007,006,001,56458250,0,(),1,58,675,5940,000,2257988,55615,4778,500,93111508,110000000
,354,03/02/2023,007,002,001,002,006,005,001,59362750,0,(),5,43,663,5702,000,480538,79823,5177,500,101921429,115000000
,355,06/02/2023,000,001,005,009,002,007,002,66835250,0,(),3,54,717,6323,000,903406,71698,5399,500,111859377,125000000
,356,08/02/2023,007,007,007,003,002,001,009,61416250,0,(),3,54,665,5956,000,827608,65683,5333,500,120963385,130000000
,357,10/02/2023,009,008,009,007,008,006,006,65067250,0,(),1,59,610,5457,000,2675206,64774,6265,500,130772565,140000000
,358,13/02/2023,008,004,008,001,003,000,009,68982000,0,(),3,36,657,5806,000,945024,112502,6164,500,141168107,150000000
,359,15/02/2023,008,008,007,009,006,002,007,62338500,0,(),1,39,656,5230,000,2562917,93879,5581,500,150565616,160000000
,360,17/02/2023,009,008,005,002,009,006,003,71188000,0,(),4,39,706,6653,000,722755,105898,5849,500,161166456,170000000
,361,22/02/2023,009,003,002,000,004,006,005,76277250,0,(),2,44,691,6716,000,1559680,101277,6448,500,172604598,180000000
,362,24/02/2023,000,007,005,009,003,001,005,72976000,0,(),0,51,736,6442,000,000,83570,5790,500,186528009,200000000
,363,27/02/2023,005,007,008,009,005,001,009,84075500,0,(),2,51,867,7738,000,1710331,95816,5636,500,199070639,210000000
,364,01/03/2023,005,001,002,007,000,005,009,72124000,0,(),0,42,800,6884,000,000,99370,5216,500,212704828,220000000
,365,03/03/2023,009,009,008,005,003,008,003,77570000,0,(),2,44,740,6954,000,1582854,102782,6111,500,224312655,230000000
,366,06/03/2023,009,009,000,009,000,008,006,81116750,0,(),0,40,660,6708,000,000,119287,7229,500,239899898,250000000
,367,08/03/2023,002,003,001,009,005,009,003,82428000,0,(),2,63,1015,8425,000,1654802,75047,4658,500,252035241,260000000
,368,10/03/2023,004,007,003,007,002,006,001,90386500,0,(),2,72,969,8325,000,1838553,72958,5421,500,265518022,280000000
,369,14/03/2023,002,007,000,006,002,005,002,85355500,0,(),0,50,915,8222,000,000,98671,5391,500,281635028,300000000
,370,15/03/2023,000,006,009,002,002,007,000,98606750,0,(),4,67,913,8598,000,1009235,86075,6316,500,296437536,310000000
,371,17/03/2023,001,003,009,003,003,001,004,93786000,0,(),1,66,1033,9215,000,3785117,81928,5234,500,310316753,320000000
,372,20/03/2023,000,007,004,009,009,004,007,88952000,0,(),4,61,915,8375,000,902296,84524,5634,500,323551052,330000000
,373,22/03/2023,006,002,006,001,006,002,003,75769500,0,(),0,47,713,6726,000,000,94094,6202,500,337998096,340000000
,374,24/03/2023,006,007,004,001,007,005,009,78214500,0,(),3,49,848,7183,000,1061007,92799,5362,500,349669326,360000000
,375,27/03/2023,007,001,007,005,003,006,006,104910000,0,(),3,59,1096,9741,000,1421280,103240,5557,500,365303935,380000000
,376,29/03/2023,003,009,004,009,008,000,006,89505250,0,(),1,43,845,7788,000,3665185,121766,6196,500,378743228,390000000
,377,31/03/2023,002,005,003,006,005,002,009,117693000,0,(),4,87,1451,12072,000,1180828,77558,4650,500,396062372,400000000
,378,03/04/2023,004,004,001,002,007,006,002,111213500,0,(),3,71,1049,10212,000,1508677,91067,6163,500,412658358,420000000
,379,05/04/2023,000,004,009,003,004,001,009,105396500,0,(),1,66,975,9853,000,4280103,92642,6271,500,428352256,440000000
,380,10/04/2023,000,002,003,007,005,008,000,127063250,0,(),4,117,1535,12954,000,1275879,62313,4749,500,447065948,460000000
,381,12/04/2023,005,004,001,003,003,002,004,152365750,0,(),3,110,1538,14044,000,2065999,80493,5757,500,469791990,490000000
,382,14/04/2023,002,003,009,001,007,006,003,133426500,0,(),7,109,1544,13420,000,766956,70362,4967,500,489477617,510000000
,383,17/04/2023,000,007,004,007,005,007,008,132276750,0,(),5,86,1494,13346,000,1064049,88376,5087,500,508985435,520000000
,384,19/04/2023,008,009,005,008,000,001,009,125465250,0,(),3,95,1381,11462,000,1703037,76828,5285,500,527718985,540000000
,385,24/04/2023,000,001,003,009,009,003,007,158683750,0,(),4,145,1869,15742,000,1599108,63019,4889,500,551172729,560000000
,386,26/04/2023,004,003,009,007,000,006,000,114501750,0,(),1,59,999,9660,000,4704684,113914,6727,500,568423762,580000000
,387,28/04/2023,007,005,009,008,005,007,008,115729750,0,(),2,82,1178,10536,000,2357295,82135,5717,500,585710979,600000000
,388,03/05/2023,005,009,002,001,005,003,003,144612750,0,(),3,87,1321,12964,000,1967267,96909,6382,500,607351324,620000000
,389,05/05/2023,006,000,003,006,003,000,001,118914250,0,(),1,82,1084,9914,000,4892195,85229,6447,500,625289630,640000000
,390,08/05/2023,005,002,008,008,004,003,004,153922500,0,(),4,64,1377,13025,000,1580589,141123,6559,500,648471780,660000000
,391,10/05/2023,008,003,006,005,002,000,006,126675000,0,(),4,90,1172,11371,000,1292238,82046,6300,500,667425089,680000000
,392,12/05/2023,001,005,008,000,003,007,009,119751500,0,(),2,116,1450,11676,000,2418899,59578,4766,500,685164060,700000000
,393,15/05/2023,001,005,005,001,007,007,008,135352500,0,(),3,115,1690,14496,000,1799956,67079,4564,500,704964237,720000000
,394,17/05/2023,007,006,009,006,001,003,001,125044750,0,(),2,91,1154,10528,000,2569502,80675,6361,500,723807850,740000000
,395,19/05/2023,003,006,004,001,002,008,005,176133500,0,(),4,168,2049,16654,000,1785705,60738,4980,500,749998238,770000000
,396,22/05/2023,006,005,000,007,008,000,002,183451500,0,(),3,131,1843,16165,000,2500531,81805,5814,500,777505095,800000000
,397,24/05/2023,006,000,001,008,000,007,005,136193250,0,(),1,79,1341,11959,000,5571328,100747,5935,500,797933464,820000000
,398,26/05/2023,003,005,004,007,003,008,005,171272500,0,(),1,143,2124,16489,000,6930224,69233,4661,500,823344532,840000000
,399,29/05/2023,002,005,002,006,006,004,008,170774750,0,(),2,137,1953,17248,000,3433860,71613,5023,500,848526980,860000000
,400,31/05/2023,000,005,005,004,002,004,003,147383250,0,(),4,124,1501,13601,000,1498616,69060,5705,500,870506962,880000000
,401,02/06/2023,009,006,005,000,008,006,007,155711750,0,(),4,99,1414,13499,000,1594728,92047,6444,500,893897004,910000000
,402,05/06/2023,007,002,004,009,000,001,001,161107500,0,(),5,119,1570,14056,000,1319055,79174,6001,500,918079911,940000000
,403,07/06/2023,000,008,007,006,000,006,001,224663250,0,(),5,169,2319,20269,000,1832397,77447,5644,500,951673953,970000000
,404,09/06/2023,000,003,004,009,002,003,009,176660000,0,(),4,129,1933,17700,000,1777968,78758,5255,500,977752171,1000000000
,405,12/06/2023,003,006,006,007,003,005,002,247403750,1,([VILHENA][RO]),11,189,2750,23003,1014616426,913958,75990,5222,500,000,10000000
,406,14/06/2023,006,002,006,005,005,009,004,50063750,0,(),0,34,510,4358,000,000,86133,5742,500,9566686,20000000
,407,16/06/2023,003,006,008,003,009,002,007,51236000,0,(),3,33,469,4639,000,696196,90415,6361,500,17225110,25000000
,408,19/06/2023,009,004,004,001,004,002,003,52880500,0,(),0,25,457,4573,000,000,123823,6773,500,27337562,35000000
,409,21/06/2023,001,005,005,002,000,001,007,49708250,0,(),4,57,637,5067,000,499145,50039,4477,500,34658654,45000000
,410,23/06/2023,007,009,000,005,002,002,001,49125000,0,(),3,34,506,4404,000,668279,84236,5660,500,42009810,50000000
,411,26/06/2023,009,005,005,002,005,002,000,49770750,0,(),0,34,466,4515,000,000,85227,6218,500,51475779,60000000
,412,28/06/2023,002,001,003,006,006,007,007,49675250,0,(),1,45,689,5361,000,1979641,62845,4104,500,58734766,65000000
,413,30/06/2023,009,002,003,006,008,006,008,51734250,0,(),2,29,526,4980,000,1046682,103121,5685,500,66410588,70000000
,414,03/07/2023,005,003,006,004,009,008,007,59367000,0,(),2,44,606,5703,000,1201415,78013,5664,500,75221155,80000000
,415,05/07/2023,009,003,004,000,002,007,003,56752500,0,(),1,31,548,5170,000,2311807,106534,6026,500,83698032,90000000
,416,07/07/2023,006,007,005,003,009,009,008,62791500,0,(),0,44,588,5434,000,000,83533,6250,500,95704896,100000000
,417,10/07/2023,000,002,002,001,001,002,009,65181000,0,(),2,54,738,6731,000,1306749,69140,5059,500,105287752,120000000
